{"position":{"x":0.6867177333305321,"y":-0.20536693165870012,"z":0.9999997526889066},"radius":1,"normal":{"x":-4.768373997876691e-7,"y":-4.768373997876691e-7,"z":0.9999999999997726}}